When,X,Y,Typestate,predX,predY
1112724006856464,1023,315,DOWN,1023,315
1112724008147221,1000,318,MOVE,1000,318
1112724014544253,981,324,MOVE,981,324
1112724022087753,955,338,MOVE,955,391.967
1112724030053858,946,344,MOVE,923.896,387.767
1112724039336679,933,357,MOVE,901.373,396.978
1112724045224170,926,366,MOVE,891.686,406.121
1112724054135703,914,378,MOVE,878.028,418.968
1112724061129816,902,395,MOVE,865.709,435.513
1112724069265566,895,407,MOVE,857.154,454.038
1112724077054781,887,420,MOVE,851.067,468.963
1112724085218906,880,435,MOVE,845.881,485.288
1112724093086604,875,450,MOVE,844.23,502.391
1112724101247711,871,465,MOVE,844.693,519.545
1112724109163103,869,477,MOVE,847.402,532.962
1112724118263600,868,491,MOVE,853.065,546.597
1112724125144213,868,500,MOVE,858.221,554.416
1112724132328499,869,509,MOVE,863.938,559.79
1112724140138240,873,518,MOVE,875.051,564.394
1112724148738252,878,526,MOVE,888.627,568.18
1112724156101239,885,531,MOVE,902.232,568.162
1112724165304369,892,533,MOVE,917.616,561.544
1112724172377569,901,534,MOVE,929.543,553.648
1112724180489171,913,533,MOVE,944.703,543.94
1112724188539797,925,532,MOVE,960.563,536.494
1112724197151883,949,525,MOVE,987.54,522.396
1112724204257081,969,516,MOVE,1013.23,505.141
1112724211422047,986,508,MOVE,1036,488.568
1112724219146663,1006,496,MOVE,1059.17,469.915
1112724227123635,1028,481,MOVE,1084.21,447.535
1112724235458010,1046,472,MOVE,1108.26,431.785
1112724243175381,1069,456,MOVE,1131.6,414.998
1112724251276116,1088,445,MOVE,1154.17,399.272
1112724259130532,1112,430,MOVE,1178.47,384.261
1112724267068262,1134,418,MOVE,1203.41,370.358
1112724277180596,1161,407,MOVE,1236.57,359.733
1112724283721918,1173,402,MOVE,1251.77,357.353
1112724290267466,1187,396,MOVE,1260.93,356.377
1112724298605463,1204,390,MOVE,1272.99,355.212
1112724306228051,1222,386,MOVE,1287.91,356.387
1112724314361386,1238,384,MOVE,1303.75,360.928
1112724321965862,1251,381,MOVE,1315.19,362.644
1112724330267032,1264,380,MOVE,1325.26,364.978
1112724338113599,1278,379,MOVE,1335.91,368.692
1112724346006654,1289,379,MOVE,1345.13,372.284
1112724356274145,1304,380,MOVE,1358.35,377.406
1112724362190615,1316,383,MOVE,1367.37,383.82
1112724369239667,1324,385,MOVE,1374.08,391.039
1112724377135740,1332,388,MOVE,1378.35,397.381
1112724385078903,1340,393,MOVE,1381.7,406.363
1112724393017840,1345,402,MOVE,1380.92,421.711
1112724401226037,1349,411,MOVE,1377.7,438.12
1112724409164371,1350,421,MOVE,1371.55,453.116
1112724417237334,1350,433,MOVE,1362.79,468.671
1112724425066394,1348,447,MOVE,1354.06,485.429
1112724434146968,1343,464,MOVE,1340.23,507.108
1112724441084332,1337,473,MOVE,1326.39,518.965
1112724449523754,1331,485,MOVE,1312.56,529.953
1112724456135711,1322,499,MOVE,1301.13,541.863
1112724464071026,1311,512,MOVE,1284.17,555.852
1112724472230322,1301,524,MOVE,1268.08,568.989
1112724480174692,1286,538,MOVE,1249.39,582.478
1112724488186076,1272,551,MOVE,1229.77,596.427
1112724496008495,1260,562,MOVE,1213.96,608.476
1112724504265594,1242,576,MOVE,1194.1,621.515
1112724513046118,1221,591,MOVE,1167.95,637.559
1112724520321566,1213,596,MOVE,1153.94,644.05
1112724528063690,1197,606,MOVE,1140.83,648.573
1112724535218996,1182,614,MOVE,1126.72,653.72
1112724543127748,1168,620,MOVE,1111.65,656.388
1112724551139735,1149,629,MOVE,1093.43,661.98
1112724558941628,1136,634,MOVE,1077.88,666.387
1112724567486701,1122,640,MOVE,1064.12,669.729
1112724575108081,1109,642,MOVE,1051.9,667.964
1112724583553540,1095,645,MOVE,1038.7,664.472
1112724593339865,1080,646,MOVE,1023.28,660.761
1112724599215282,1067,648,MOVE,1012.97,659.299
1112724606916353,1056,648,MOVE,1002.48,656.727
1112724614094602,1041,647,MOVE,990.559,651.664
1112724622290120,1026,645,MOVE,974.984,645.022
1112724630270110,1010,644,MOVE,958.177,641.106
1112724638166787,990,639,MOVE,937.593,632.992
1112724646100895,977,635,MOVE,920.827,622.883
1112724654095978,960,630,MOVE,904.461,614.467
1112724662166527,944,625,MOVE,887.448,606.959
1112724671997527,923,617,MOVE,864.153,595.142
1112724678399389,910,612,MOVE,850.363,587.841
1112724685932022,898,609,MOVE,838.66,585.592
1112724693024542,877,600,MOVE,822.656,578.105
1112724701200137,857,593,MOVE,799.988,567.676
1112724709200050,839,587,MOVE,778.361,560.729
1112724717706486,820,579,MOVE,757.422,551.486
1112724725108715,804,575,MOVE,740.448,547.185
1112724733384528,784,567,MOVE,720.96,540.717
1112724741069903,759,558,MOVE,696.967,530.324
1112724751612087,732,549,MOVE,661.075,517.482
1112724756866878,716,544,MOVE,644.581,512.903
1112724764846265,696,538,MOVE,624.666,508.809
1112724772017872,678,534,MOVE,607.61,507.147
1112724780127662,652,529,MOVE,583.253,505.861
1112724787917481,627,525,MOVE,556.293,503.931
1112724795966899,602,523,MOVE,528.144,505.134
1112724803943870,586,524,MOVE,508.272,512.69
1112724812097129,561,524,MOVE,486.916,518.697
1112724820060818,531,529,MOVE,458.139,529.402
1112724829166749,498,534,MOVE,420.035,543.66
1112724836256854,479,538,MOVE,396.257,552.217
1112724844035805,457,545,MOVE,376.566,564.194
1112724852171555,425,557,MOVE,348.778,582.156
1112724858898824,405,566,MOVE,327.237,596.976
1112724867646144,387,572,MOVE,308.004,606.479
1112724874775491,364,583,MOVE,290.386,616.53
1112724883287360,347,595,MOVE,274.122,633.932
1112724890744527,330,606,MOVE,261.269,648.427
1112724898775833,316,615,MOVE,249.167,658.743
1112724909088603,297,634,MOVE,233.917,681.344
1112724915021374,291,640,MOVE,229.554,691.581
1112724923149276,285,647,MOVE,231.415,696.503
1112724931019389,275,662,MOVE,230.893,707.651
1112724938119757,269,676,MOVE,230.221,722.539
1112724946164950,265,687,MOVE,232.44,736.92
1112724953987368,263,699,MOVE,237.687,749.29
1112724962034976,262,709,MOVE,244.485,759.367
1112724970043341,262,720,MOVE,251.302,768.423
1112724978203240,264,734,MOVE,259.431,780.679
1112724987866406,270,752,MOVE,274.777,800.52
1112724994036439,276,761,MOVE,287.789,810.204
1112725001854028,283,770,MOVE,303.411,816.097
1112725009777872,294,779,MOVE,320.636,820.658
1112725017340691,306,787,MOVE,338.595,824.64
1112725024793029,322,793,MOVE,359.734,826.2
1112725033042279,343,799,MOVE,387.767,827.215
1112725044675991,360,801,MOVE,418.846,824.438
1112725051127963,377,802,MOVE,435.966,818.984
1112725057559407,403,801,MOVE,459.029,811.543
1112725067386181,450,792,MOVE,514.437,790.05
1112725073204849,468,784,MOVE,541.958,772.212
1112725080806910,492,774,MOVE,567.063,750.053
1112725089420807,521,761,MOVE,597.578,728.648
1112725095832933,547,745,MOVE,621.574,708.317
1112725104069505,571,729,MOVE,647.947,682.997
1112725112284343,599,709,MOVE,675.786,657.217
1112725120307801,625,690,MOVE,703.512,632.693
1112725128155576,652,667,MOVE,730.437,606.09
1112725136274422,681,644,MOVE,760.426,578.393
1112725146084292,718,613,MOVE,802.491,541.098
1112725153257711,744,590,MOVE,831.333,513.939
1112725159951774,774,567,MOVE,859.256,491.743
1112725168682794,807,540,MOVE,895.624,463.075
1112725175106994,841,513,MOVE,926.451,438.241
1112725183368319,875,487,MOVE,965.305,408.814
1112725191147269,911,463,MOVE,1003.81,384.445
1112725199041531,947,438,MOVE,1042.66,360.054
1112725207069216,984,416,MOVE,1082.31,338.043
1112725215043772,1023,393,MOVE,1123.14,317.123
1112725224053108,1070,368,MOVE,1173.79,292.159
1112725231140798,1103,351,MOVE,1210.48,275.874
1112725239054379,1142,332,MOVE,1248.83,260.495
1112725247051877,1184,315,MOVE,1290.71,246.844
1112725253874533,1222,300,MOVE,1327.66,236.328
1112725262110501,1261,289,MOVE,1369.6,229.733
1112725270249874,1299,278,MOVE,1408.92,224.974
1112725278109120,1335,272,MOVE,1445.06,225.166
1112725286287131,1369,266,MOVE,1479.02,227.658
1112725294079364,1400,264,MOVE,1508.13,233.268
1112725303996092,1437,261,MOVE,1544.44,239.721
1112725310455308,1453,262,MOVE,1560.29,246.385
1112725321092277,1472,264,MOVE,1570.03,261.005
1112725327422296,1492,266,MOVE,1578.96,267.798
1112725334206918,1517,271,MOVE,1594.92,277.265
1112725341562660,1534,275,MOVE,1610.67,287.31
1112725349369986,1553,284,MOVE,1624.96,302.802
1112725357059586,1568,293,MOVE,1636.31,319.888
1112725365294951,1580,304,MOVE,1643.33,338.342
1112725373067864,1591,315,MOVE,1647.92,354.717
1112725383051606,1600,334,MOVE,1649.35,381.343
1112725389726955,1605,343,MOVE,1648,395.703
1112725397463041,1607,355,MOVE,1640.65,408.184
1112725405008352,1607,374,MOVE,1628.22,425.822
1112725413169459,1605,391,MOVE,1615.43,446.063
1112725420624211,1598,413,MOVE,1597.73,467.714
1112725428216009,1589,430,MOVE,1576.52,487.57
1112725436184528,1578,454,MOVE,1555.71,511.892
1112725444192893,1564,470,MOVE,1532.37,531.802
1112725452598507,1547,493,MOVE,1506.32,553.807
1112725461835446,1525,520,MOVE,1475.94,585.148
1112725469036635,1508,539,MOVE,1452.77,607.304
1112725476768496,1489,562,MOVE,1430.65,630.587
1112725484419458,1466,587,MOVE,1405.85,656.009
1112725491879040,1443,613,MOVE,1379.77,683.151
1112725499348886,1420,644,MOVE,1355.03,716.255
1112725507091614,1399,671,MOVE,1331.49,749.207
1112725515196574,1379,699,MOVE,1309.79,780.913
1112725522860818,1364,725,MOVE,1295.86,809.831
1112725530786474,1352,748,MOVE,1288.16,835.278
1112725540799194,1342,774,MOVE,1284.94,863.41
1112725547877828,1337,787,MOVE,1286.66,876.241
1112725555055473,1334,799,MOVE,1293.06,881.972
1112725562856158,1335,806,MOVE,1308.38,881.713
1112725570909198,1338,812,MOVE,1329.78,875.443
1112725578814327,1343,817,MOVE,1348.91,867.066
1112725586007668,1348,821,MOVE,1362.46,860.254
1112725593836124,1359,824,MOVE,1379.62,852.594
1112725602334711,1373,826,MOVE,1401.46,845.812
1112725609830517,1400,823,MOVE,1432.49,834.957
1112725619359656,1447,810,MOVE,1493.78,806.642
1112725625855699,1472,800,MOVE,1532.8,784.34
1112725634076574,1500,789,MOVE,1571.18,761.449
1112725642151349,1531,775,MOVE,1607.28,740.102
1112725649956864,1561,763,MOVE,1641.66,722.516
1112725658199473,1590,750,MOVE,1674.94,706.261
1112725665193586,1620,737,MOVE,1703.95,692.076
1112725673073962,1648,728,MOVE,1735.19,682.653
1112725681296648,1676,718,MOVE,1765.03,675.096
1112725688785209,1699,709,MOVE,1787.64,666.893
1112725699201820,1725,703,MOVE,1814.94,663.771
1112725705761253,1736,700,MOVE,1825.29,665.915
1112725713196686,1747,697,MOVE,1827.88,668.333
1112725721313118,1758,695,MOVE,1829.15,672.238
1112725729222473,1764,695,MOVE,1827.38,679.3
1112725737341923,1769,695,MOVE,1822.53,686.739
1112725744439272,1772,696,MOVE,1816.86,692.242
1112725752215808,1775,697,MOVE,1810.54,698.019
1112725760197610,1776,700,MOVE,1802.19,706.405
1112725768285062,1777,705,MOVE,1793.25,715.991
1112725778403434,1767,723,MOVE,1770.55,740.653
1112725785488105,1751,743,MOVE,1744.17,766.16
1112725793229626,1729,762,MOVE,1707.35,794.653
1112725800408477,1707,781,MOVE,1671.74,820.518
1112725808279194,1684,800,MOVE,1636.06,847.33
1112725816340687,1662,820,MOVE,1604.44,873.879
1112725822930306,1642,838,MOVE,1581.21,894.845
1112725832091176,1626,856,MOVE,1560.23,919.104
1112725839251312,1612,871,MOVE,1548.19,935.336
1112725847370159,1602,886,MOVE,1541.6,950.809
1112725857139579,1595,902,MOVE,1543.31,968.652
1112725864301527,1593,915,MOVE,1552.08,981.35
1112725884213468,1593,915,UP,1593,947.934
1112755111058184,1281,477,DOWN,915.525,87.6617
1112755111240508,1245,398,MOVE,921.455,83.6896
1112755114750545,1233,381,MOVE,1002.72,47.1135
1112755119190916,1220,361,MOVE,1069.77,42.1771
1112755126276191,1207,350,MOVE,1062.31,97.4647
1112755134481370,1186,329,MOVE,1059.3,145.645
1112755142380461,1165,313,MOVE,1053.83,173.074
1112755151594458,1138,292,MOVE,1038.47,184.747
1112755157242876,1118,277,MOVE,1026.66,185.308
1112755165902053,1091,259,MOVE,1004.6,180.586
1112755173297641,1062,241,MOVE,979.042,171.03
1112755181491348,1030,226,MOVE,945.206,161.122
1112755189343954,995,214,MOVE,907.338,155.579
1112755197348093,963,201,MOVE,870.951,147.538
1112755205614247,929,195,MOVE,833.636,146.554
1112755213361201,895,185,MOVE,798.715,143.947
1112755221260292,862,179,MOVE,764.704,140.523
1112755230291361,824,173,MOVE,724.338,140.286
1112755237464176,801,172,MOVE,698.698,144.909
1112755244268117,767,171,MOVE,672.182,153.169
1112755252024127,740,172,MOVE,644.446,161.896
1112755260385669,700,174,MOVE,607.886,171.145
1112755268526853,665,175,MOVE,569.771,176.362
1112755276535218,631,179,MOVE,534.043,184.171
1112755284373334,593,186,MOVE,497.25,198.376
1112755292269407,558,196,MOVE,461.09,217.152
1112755300670794,526,206,MOVE,427.221,236.229
1112755309067956,494,223,MOVE,396.948,261.654
1112755317013534,469,234,MOVE,372.809,281.042
1112755323407548,450,250,MOVE,359.363,299.134
1112755331445496,425,268,MOVE,342.22,322.757
1112755339304138,409,283,MOVE,328.407,342.021
1112755347585385,394,301,MOVE,320.694,363.296
1112755355450669,377,317,MOVE,309.639,380.173
1112755363167436,368,333,MOVE,304.656,396.788
1112755371225910,362,345,MOVE,308.602,410.971
1112755379347171,356,358,MOVE,312.123,421.23
1112755388396956,350,380,MOVE,314.909,440.97
1112755395378391,349,389,MOVE,320.36,452.774
1112755402213726,349,402,MOVE,330.928,461.788
1112755410264351,352,416,MOVE,344.453,472.799
1112755418319806,357,433,MOVE,359.765,487.151
1112755426297382,364,447,MOVE,375.896,501.134
1112755434012338,374,460,MOVE,394.768,511.985
1112755441922901,382,467,MOVE,411.828,516.559
1112755450405187,399,484,MOVE,433.257,528.105
1112755457966195,408,489,MOVE,449.737,534.494
1112755468351411,422,496,MOVE,469.462,533.803
1112755474019148,433,499,MOVE,480.645,531.746
1112755481027751,446,502,MOVE,494.018,527.157
1112755489370578,460,505,MOVE,509.38,524.843
1112755497448371,477,507,MOVE,527.253,522.799
1112755505374026,494,508,MOVE,546.672,519.647
1112755513347979,508,508,MOVE,563.501,515.393
1112755521269409,526,507,MOVE,581.265,510.649
1112755529368936,542,506,MOVE,599.225,506.266
1112755537307873,555,504,MOVE,613.115,501.251
1112755546469346,578,500,MOVE,635.138,492.907
1112755552145535,589,497,MOVE,647.397,487.168
1112755560401426,601,492,MOVE,657.598,477.19
1112755568201507,617,487,MOVE,670.353,469.357
1112755576387970,630,485,MOVE,684.564,467.612
1112755584751324,642,480,MOVE,695.898,463.249
1112755592317765,654,477,MOVE,705.601,459.094
1112755600883968,675,473,MOVE,725.524,457.13
1112755608311554,689,471,MOVE,743.16,456.299
1112755616658003,701,470,MOVE,757.047,458.387
1112755625535123,721,470,MOVE,776.022,462.937
1112755632350535,735,469,MOVE,791.079,464.454
1112755639348874,750,469,MOVE,805.351,465.462
1112755647474361,766,469,MOVE,821.796,467.26
1112755655297987,782,471,MOVE,838.063,471.344
1112755663151196,798,475,MOVE,854.086,480.529
1112755671427614,829,485,MOVE,883.463,497.344
1112755679404585,843,493,MOVE,906.293,515.009
1112755687250549,859,501,MOVE,921.635,529.806
1112755695368792,871,508,MOVE,933.055,540.079
1112755704294814,888,526,MOVE,944.407,562.92
1112755711224329,893,533,MOVE,947.42,577.76
1112755718426726,898,540,MOVE,944.387,586.018
1112755726170661,904,551,MOVE,942.026,594.849
1112755734601631,910,563,MOVE,942.265,606.902
1112755742247160,915,574,MOVE,943.694,618.284
1112755750743332,918,586,MOVE,942.408,631.497
1112755758219818,919,596,MOVE,937.435,642.339
1112755766399640,918,606,MOVE,928.14,651.96
1112755774539617,913,620,MOVE,913.747,663.908
1112755785143380,903,642,MOVE,890.512,689.647
1112755790177210,899,648,MOVE,880.552,698.646
1112755797293275,893,652,MOVE,867.116,697.292
1112755805331826,883,663,MOVE,854.315,701.078
1112755813439202,867,676,MOVE,835.274,712.639
1112755821274299,854,682,MOVE,814.429,718.998
1112755829315868,841,687,MOVE,795.257,719.126
1112755837337516,830,690,MOVE,780.846,717.085
1112755845405649,815,694,MOVE,765.897,715.924
1112755853218409,796,697,MOVE,746.193,715.459
1112755863362137,774,700,MOVE,716.839,715.426
1112755869763395,763,700,MOVE,702.319,712.66
1112755876412180,750,702,MOVE,691.486,711.149
1112755885830838,731,704,MOVE,673.377,712.996
1112755892204929,710,706,MOVE,655.05,714.211
1112755900436671,692,711,MOVE,632.803,721.585
1112755908438396,672,716,MOVE,611.545,731.162
1112755916460043,656,721,MOVE,593.1,739.286
1112755924395358,639,725,MOVE,576.392,744.603
1112755932290827,616,731,MOVE,554.684,750.404
1112755941262731,597,739,MOVE,531.692,762.325
1112755948340158,581,743,MOVE,515.636,768.508
1112755955220168,564,748,MOVE,500.276,771.368
1112755963198347,544,755,MOVE,481.396,778.698
1112755971229050,524,761,MOVE,460.493,786.002
1112755979389553,510,765,MOVE,444.017,789.844
1112755987265099,492,770,MOVE,428.466,793.028
1112755995306669,474,773,MOVE,410.738,793.972
1112756003213609,458,778,MOVE,394.782,797.379
1112756011253368,442,779,MOVE,379.346,796.811
1112756020239158,425,781,MOVE,362.23,793.468
1112756027255608,411,780,MOVE,349.58,788.619
1112756034997733,392,780,MOVE,333.076,783.996
1112756042438600,375,778,MOVE,315.795,779.099
1112756050398667,345,773,MOVE,287.266,768.541
1112756058172185,323,766,MOVE,258.792,754.248
1112756066363477,303,760,MOVE,234.617,740.61
1112756074109827,280,751,MOVE,211.732,727.378
1112756082074121,265,742,MOVE,195.093,711.922
1112756090199004,247,735,MOVE,179.531,701.709
1112756100480381,228,723,MOVE,160.302,686.94
1112756106651621,220,717,MOVE,154.348,677.931
1112756113573288,211,706,MOVE,154.226,665.636
1112756121108939,198,695,MOVE,148.128,653.717
1112756129157150,190,686,MOVE,141.707,643.748
1112756137289278,181,671,MOVE,138.686,627.649
1112756145016309,177,660,MOVE,139.734,612.483
1112756153357325,172,645,MOVE,142.313,595.86
1112756161054773,169,633,MOVE,143.975,582.036
1112756169645126,167,620,MOVE,147.714,568.323
1112756179359004,166,602,MOVE,152.925,548.935
1112756186096536,168,591,MOVE,160.162,536.803
1112756193524121,170,581,MOVE,170.013,528.43
1112756200275538,175,568,MOVE,180.496,519.805
1112756208026114,184,553,MOVE,197.254,507.005
1112756216032064,195,543,MOVE,218.193,497.176
1112756224013866,207,536,MOVE,239.984,494.233
1112756232062077,222,525,MOVE,260.809,487.418
1112756239993769,239,517,MOVE,283.12,480.349
1112756248033528,260,510,MOVE,310.112,476.89
1112756258545526,282,504,MOVE,343.346,473.698
1112756264694429,299,502,MOVE,362.234,475.836
1112756272412404,313,500,MOVE,378.586,480.66
1112756280442503,338,499,MOVE,400.785,485.346
1112756287716139,356,499,MOVE,421.347,490.28
1112756295524673,390,501,MOVE,453.39,497.156
1112756303358562,411,502,MOVE,483.049,502.651
1112756311208752,449,508,MOVE,520.023,513.432
1112756319596858,475,514,MOVE,555.674,527.919
1112756327233935,510,525,MOVE,589.948,545.889
1112756336592221,548,536,MOVE,635.208,566.355
1112756343289303,564,542,MOVE,657.391,576.465
1112756351320006,600,558,MOVE,685.504,594.992
1112756358444523,631,570,MOVE,715.907,611.237
1112756366228908,657,582,MOVE,744.891,626.021
1112756374297041,690,599,MOVE,775.915,645.761
1112756382238393,710,611,MOVE,799.01,662.979
1112756390266078,742,624,MOVE,827.1,674.715
1112756398365001,765,639,MOVE,851.929,690.173
1112756406323861,794,653,MOVE,877.81,705.591
1112756416203763,831,671,MOVE,918.57,724.847
1112756422139552,848,685,MOVE,936.768,740.164
1112756430500491,881,695,MOVE,966.841,748.84
1112756437802502,900,706,MOVE,988.664,755.398
1112756445359887,932,718,MOVE,1014.58,765.12
1112756453626645,952,727,MOVE,1038.54,773.096
1112756461332546,981,734,MOVE,1064.09,775.451
1112756469822681,996,741,MOVE,1082.21,778.981
1112756477260529,1028,753,MOVE,1104.68,789.231
1112756485462689,1042,755,MOVE,1124.33,790.995
1112756495369758,1076,761,MOVE,1155.72,787.742
1112756501947303,1095,765,MOVE,1175.93,789.539
1112756509209469,1114,769,MOVE,1192.91,791.804
1112756516596604,1147,775,MOVE,1219.74,795.905
1112756524140708,1164,777,MOVE,1242.69,797.287
1112756532528210,1191,780,MOVE,1267.91,796.281
1112756540061446,1206,780,MOVE,1285.14,792.879
1112756548180293,1223,779,MOVE,1298.36,785.42
1112756556441617,1249,778,MOVE,1319.4,779.787
1112756564308711,1269,774,MOVE,1340.62,770.954
1112756574203706,1305,769,MOVE,1378.2,758.595
1112756580806004,1313,767,MOVE,1393.88,753.429
1112756588542091,1327,764,MOVE,1401.27,748.939
1112756596322249,1348,758,MOVE,1414.68,741.691
1112756603463670,1370,746,MOVE,1432.42,725.412
1112756611447283,1395,739,MOVE,1458.73,711.689
1112756619517228,1405,732,MOVE,1474.57,701.826
1112756627511103,1418,727,MOVE,1482.63,694.808
1112756635533354,1440,719,MOVE,1500.09,690.115
1112756643280912,1456,708,MOVE,1516.66,677.287
1112756653967989,1485,695,MOVE,1548.87,657.922
1112756659705758,1494,691,MOVE,1562.7,652.72
1112756667366983,1501,687,MOVE,1566.52,651.283
1112756675020360,1515,678,MOVE,1571.19,645.168
1112756681952894,1540,665,MOVE,1589.55,634.099
1112756689934695,1550,656,MOVE,1606,620.152
1112756697969624,1558,651,MOVE,1612.13,612.205
1112756706089074,1579,640,MOVE,1629.07,605.77
1112756713941075,1594,625,MOVE,1646,588.733
1112756722080448,1601,619,MOVE,1653.67,575.688
1112756731004055,1614,607,MOVE,1662.74,565.048
1112756738729275,1627,597,MOVE,1674.53,555.41
1112756745902693,1637,584,MOVE,1683.17,542.468
1112756754355397,1641,578,MOVE,1684.1,532.081
1112756761306042,1647,565,MOVE,1682.22,521.372
1112756769240754,1653,549,MOVE,1682.73,504.23
1112756777616181,1657,540,MOVE,1684.12,491.112
1112756785319063,1661,527,MOVE,1684.72,479.582
1112756793078091,1664,515,MOVE,1684.35,467.212
1112756801634032,1665,501,MOVE,1680.47,452.344
1112756811229581,1665,475,MOVE,1673.73,423.621
1112756818173585,1664,466,MOVE,1668.76,407.848
1112756825261275,1660,448,MOVE,1658.46,393.265
1112756833688623,1657,433,MOVE,1649.03,376.277
1112756840129727,1651,418,MOVE,1639.5,363.441
1112756848563112,1644,404,MOVE,1625.2,349.448
1112756856459185,1639,394,MOVE,1615.52,340.075
1112756864483851,1629,381,MOVE,1602.6,331.258
1112756872664277,1618,369,MOVE,1586.34,321.554
1112756880364140,1607,358,MOVE,1571.09,312.348
1112756890029721,1590,343,MOVE,1548.5,297.625
1112756897206761,1583,336,MOVE,1536.8,289.288
1112756904500924,1571,328,MOVE,1525.79,285.324
1112756911991296,1559,321,MOVE,1512.97,282.767
1112756919135736,1546,315,MOVE,1499.58,281.063
1112756926963588,1532,308,MOVE,1484.44,277.343
1112756934987047,1515,299,MOVE,1466.56,269.087
1112756942924776,1505,296,MOVE,1452.51,266.023
1112756950991703,1494,291,MOVE,1442.33,265.074
1112756958953581,1480,287,MOVE,1430.36,263.546
1112756968964490,1461,283,MOVE,1408.62,262.896
1112756976556288,1452,282,MOVE,1396.23,264.856
1112756983436298,1442,281,MOVE,1388.85,268.688
1112756991036547,1429,279,MOVE,1379.41,269.333
1112756998516656,1417,279,MOVE,1368.59,271.391
1112757006773151,1404,279,MOVE,1355.92,275.088
1112757014127082,1392,279,MOVE,1344.34,276.818
1112757022693889,1376,280,MOVE,1328.1,279.334
1112757030274216,1362,281,MOVE,1312.65,282.209
1112757038246962,1347,283,MOVE,1296.52,286.272
1112757047931257,1323,287,MOVE,1269.37,294.179
1112757055453023,1310,288,MOVE,1250.96,297.269
1112757062637912,1296,291,MOVE,1237.61,300.22
1112757070660767,1282,293,MOVE,1224.6,303.604
1112757078432473,1267,296,MOVE,1211.21,306.695
1112757085558197,1251,299,MOVE,1196.88,310.442
1112757093029854,1232,303,MOVE,1178.28,315.282
1112757101166812,1220,307,MOVE,1162.87,321.986
1112757109391913,1203,311,MOVE,1147.28,327.517
1112757117277119,1189,314,MOVE,1132.36,330.297
1112757126491720,1174,317,MOVE,1116.74,332.383
1112757133804598,1156,322,MOVE,1101.01,337.272
1112757141029333,1139,326,MOVE,1083.63,342.58
1112757149367933,1123,332,MOVE,1065.64,350.606
1112757157385958,1106,336,MOVE,1048.11,356.338
1112757164620352,1089,340,MOVE,1031.01,358.984
1112757172741613,1074,346,MOVE,1015.01,366.134
1112757180316507,1061,349,MOVE,1002.56,370.269
1112757188219824,1041,353,MOVE,984.572,371.3
1112757196268639,1028,355,MOVE,968.605,371.564
1112757206797541,1007,360,MOVE,946.573,375.897
1112757213076244,995,363,MOVE,934.546,379.698
1112757220367388,978,368,MOVE,920.612,384.995
1112757228322626,964,371,MOVE,906.038,388.796
1112757236527201,945,375,MOVE,887.977,391.444
1112757244664158,928,380,MOVE,869.413,397.276
1112757251818861,904,386,MOVE,847.271,404.255
1112757259559174,889,389,MOVE,826.584,408.361
1112757267271112,875,391,MOVE,811.751,407.864
1112757274943204,859,392,MOVE,797.692,404.764
1112757284967396,841,394,MOVE,778.768,403.579
1112757291806956,824,395,MOVE,763.729,403.341
1112757299367360,808,396,MOVE,747.759,402.505
1112757307538730,794,396,MOVE,733.495,400.542
1112757316127875,778,397,MOVE,718.772,400.045
1112757324138655,759,398,MOVE,701.063,401.351
1112757331341656,741,397,MOVE,682.885,399.1
1112757339432731,722,397,MOVE,662.142,397.293
1112757346809603,707,397,MOVE,645.661,397.371
1112757354532408,687,397,MOVE,626.922,397.262
1112757364872346,661,396,MOVE,595.838,395.521
1112757372898219,648,396,MOVE,577.941,394.802
1112757380741768,630,395,MOVE,563.159,393.711
1112757388361940,612,395,MOVE,547.165,393.4
1112757396420414,592,394,MOVE,527.99,392.619
1112757403659638,573,393,MOVE,509.394,390.616
1112757411834631,550,392,MOVE,485.694,388.973
1112757419338888,527,389,MOVE,461.457,384.262
1112757426419334,508,386,MOVE,440.661,377.836
1112757433823977,480,383,MOVE,414.093,373.147
1112757442978810,451,376,MOVE,378.528,361.983
1112757450654524,432,371,MOVE,354.966,351.36
1112757458499884,419,367,MOVE,341.902,344.671
1112757465882794,401,362,MOVE,330.199,339.786
1112757474450809,378,355,MOVE,310.283,332.115
1112757482141013,368,352,MOVE,298.463,327.732
1112757490792946,349,347,MOVE,284.607,324.983
1112757498728260,329,338,MOVE,267.132,314.89
1112757507001659,314,330,MOVE,251.521,301.574
1112757514845812,300,324,MOVE,238.757,293.449
1112757522773882,283,314,MOVE,224.557,283.135
1112757530903596,274,309,MOVE,215.372,275.283
1112757538604667,266,303,MOVE,212.13,270.083
1112757546906440,250,290,MOVE,202.8,257.381
1112757554515142,241,283,MOVE,193.421,247.08
1112757563089798,235,277,MOVE,189.649,240.489
1112757570942403,229,269,MOVE,189.842,233.093
1112757579290663,224,261,MOVE,190.531,224.746
1112757587248316,221,253,MOVE,193.244,216.371
1112757595550089,219,246,MOVE,197.712,209.046
1112757603418391,219,242,MOVE,204.206,205.952
1112757611289108,219,239,MOVE,211.123,206.703
1112757619057796,221,235,MOVE,218.609,207.79
1112757626329017,224,230,MOVE,226.673,206.899
1112757634226901,228,225,MOVE,235.229,203.813
1112757642147123,234,220,MOVE,245.715,200.12
1112757650838297,244,216,MOVE,262.035,197.716
1112757658980688,255,213,MOVE,279.861,197.041
1112757666903929,266,211,MOVE,296.795,197.518
1112757675575180,278,211,MOVE,314.231,201.614
1112757683515928,300,211,MOVE,338.43,205.978
1112757692176313,316,214,MOVE,364.146,213.346
1112757699976998,345,220,MOVE,394.745,225.922
1112757708880682,359,224,MOVE,421.097,237.512
1112757716960890,375,229,MOVE,437.682,246.532
1112757725795750,409,238,MOVE,470.36,258.246
1112757733669485,428,247,MOVE,497.271,272.594
1112757742512193,452,258,MOVE,522.825,290.52
1112757750452338,470,270,MOVE,541.885,307.779
1112757759174302,501,284,MOVE,571.462,325.339
1112757767227946,512,295,MOVE,588.175,341.125
1112757776229433,534,311,MOVE,603.445,361.065
1112757784341638,555,325,MOVE,623.9,376.336
1112757792698954,572,342,MOVE,640.735,395.656
1112757800783992,598,354,MOVE,665.59,407.893
1112757809777027,617,370,MOVE,689.782,423.032
1112757817725624,644,386,MOVE,714.534,439.764
1112757826166254,662,400,MOVE,736.871,455.489
1112757834078023,690,417,MOVE,762.101,471.575
1112757842705807,713,432,MOVE,789.576,488.074
1112757850740736,737,444,MOVE,814.838,499.177
1112757859463303,755,457,MOVE,834.541,511.195
1112757867539889,786,469,MOVE,861.732,519.891
1112757876276342,834,494,MOVE,910.682,543.046
1112757884491180,854,504,MOVE,944.933,561.288
1112757893363471,883,516,MOVE,974.732,570.335
1112757901720787,904,529,MOVE,995.453,582.331
1112757910073877,933,537,MOVE,1020.59,587.119
1112757918126314,964,548,MOVE,1050.8,591.687
1112757926491478,981,557,MOVE,1070.48,601.44
1112757934480524,1007,570,MOVE,1089.23,614.414
1112757943142720,1026,573,MOVE,1109.74,615.378
1112757951291148,1048,579,MOVE,1129.05,611.837
1112757960036658,1071,584,MOVE,1150.25,613.165
1112757968193538,1098,593,MOVE,1174.66,620.842
1112757976724726,1122,602,MOVE,1200.06,633.338
1112757984873155,1138,606,MOVE,1217.81,638.32
1112757993454451,1162,611,MOVE,1238.43,638.209
1112758001768903,1179,615,MOVE,1255.69,639.568
1112758010403328,1199,618,MOVE,1272.92,639.29
1112758018661634,1211,620,MOVE,1283.94,637.774
1112758018825846,1223,620,MOVE,1284.37,637.599
1112758029721207,1239,621,MOVE,1301.75,630.334
1112758042520706,1261,621,MOVE,1326.97,626.146
1112758052509277,1278,620,MOVE,1346.54,621.922
1112758060672195,1291,618,MOVE,1358.02,615.908
1112758069048830,1302,616,MOVE,1365.05,609.882
1112758077179147,1311,614,MOVE,1368.83,605.61
1112758085663245,1318,611,MOVE,1369.52,599.924
1112758093680666,1325,608,MOVE,1369.75,594.53
1112758102135785,1332,604,MOVE,1371.33,588.908
1112758110435144,1339,598,MOVE,1373.8,580.247
1112758119009800,1344,589,MOVE,1374.32,566.253
1112758127208941,1347,583,MOVE,1372.54,554.873
1112758135766693,1347,577,MOVE,1365.13,546.368
1112758135948413,1347,572,MOVE,1364.79,546.085
1112758144119179,1344,563,MOVE,1351.34,535.742
1112758160825963,1335,547,MOVE,1323.04,508.781
1112758169560001,1330,542,MOVE,1309.22,500.439
1112758177861171,1325,536,MOVE,1300.12,498.676
1112758186159323,1318,531,MOVE,1291.48,498.212
1112758194528110,1311,526,MOVE,1282.46,497.741
1112758202962702,1302,522,MOVE,1271.78,497.503
1112758211131054,1294,520,MOVE,1261.1,499.986
1112758219609114,1285,518,MOVE,1250.61,502.929
1112758227980919,1277,518,MOVE,1241.33,507.493
1112758236535653,1267,517,MOVE,1231.2,510.783
1112758245137476,1253,518,MOVE,1216.07,514.555
1112758255328898,1239,519,MOVE,1196.21,519.163
1112758255490092,1227,522,MOVE,1195.72,519.384
1112758263599882,1212,527,MOVE,1174.59,532.413
1112758272059227,1193,533,MOVE,1150,545.017
1112758280382735,1178,538,MOVE,1128.1,554.849
1112758288877700,1169,542,MOVE,1115.58,562.107
1112758297411302,1155,549,MOVE,1104.63,571.207
1112758305961809,1142,557,MOVE,1092.34,582.559
1112758314916810,1126,568,MOVE,1076.72,597.779
1112758323474561,1119,576,MOVE,1068.75,611.544
1112758332840696,1110,585,MOVE,1064.92,623.671
1112758341495043,1096,597,MOVE,1053.28,635.251
1112758351047124,1075,617,MOVE,1029.5,658.452
1112758360975927,1065,630,MOVE,1012.43,681.349
1112758369722644,1051,642,MOVE,999.051,694.884
1112758377993628,1039,651,MOVE,985.469,701.268
1112758386726459,1026,661,MOVE,972.755,707.486
1112758395150788,1013,673,MOVE,961.259,717.866
1112758404163746,1002,679,MOVE,949.656,723.045
1112758412242143,990,687,MOVE,938.815,725.751
1112758421291324,979,694,MOVE,928.732,730.702
1112758421459762,966,702,MOVE,928.32,730.908
1112758434186210,948,712,MOVE,899.539,745.257
1112758443715954,934,720,MOVE,880.109,755.22
1112758453035602,904,737,MOVE,848.891,773.331
1112758461977320,888,747,MOVE,822.916,789.964
1112758470717999,868,761,MOVE,802.302,806.349
1112758479682056,854,768,MOVE,785.84,815.187
1112758488554346,840,777,MOVE,773.951,820.541
1112758497293818,824,786,MOVE,761.483,827.464
1112758506086418,802,796,MOVE,740.6,834.82
1112758515104809,768,808,MOVE,703.672,845.269
1112758524289223,750,816,MOVE,674.044,855.279
1112758533960841,733,824,MOVE,656.283,863.99
1112758543321542,712,830,MOVE,637.386,866.703
1112758552754690,696,834,MOVE,620.953,865.145
1112758561935482,677,838,MOVE,604.987,863.645
1112758571069184,660,843,MOVE,589.642,866.279
1112758571258753,643,847,MOVE,589.017,866.418
1112758579863595,617,851,MOVE,558.269,869.13
1112758589115022,601,856,MOVE,533.523,875.056
1112758598225783,579,856,MOVE,510.397,872.493
1112758607381823,561,860,MOVE,489.924,872.396
1112758617044385,542,859,MOVE,470.768,869.537
1112758626420179,524,860,MOVE,453.183,864.941
1112758636417806,473,855,MOVE,403.623,854.948
1112758645613088,464,855,MOVE,375.616,848.639
1112758654687625,449,853,MOVE,366.655,846.696
1112758663661944,432,849,MOVE,357.478,838.81
1112758674060443,412,846,MOVE,341.081,832.597
1112758674302535,392,842,MOVE,340.226,832.374
1112758683930081,376,838,MOVE,315.793,823.903
1112758693229203,366,834,MOVE,304.198,816.116
1112758703032432,344,823,MOVE,286.647,799.982
1112758712651526,328,813,MOVE,267.58,782.065
1112758721625242,315,803,MOVE,255.121,766.26
1112758730574205,309,798,MOVE,252.035,757.992
1112758739529809,303,791,MOVE,255.057,752.237
1112758748757088,299,785,MOVE,260.069,747.259
1112758757767027,297,780,MOVE,267.265,743.997
1112758767584746,297,778,MOVE,277.996,745.163
1112758777619200,301,771,MOVE,295.954,744.008
1112758787269687,307,767,MOVE,313.619,742.445
1112758796128092,314,763,MOVE,329.387,742.275
1112758805646969,326,760,MOVE,349.132,742.697
1112758814493903,343,758,MOVE,373.904,744.559
1112758823804495,358,758,MOVE,399.263,748.946
1112758832826509,414,764,MOVE,457.748,762.292
1112758842199284,446,769,MOVE,517.292,777.703
1112758852528355,461,773,MOVE,548.443,790.023
1112758862631633,499,786,MOVE,582.446,811.11
1112758872079271,520,794,MOVE,609.846,828.082
1112758872277895,540,799,MOVE,610.848,828.389
1112758881134489,557,805,MOVE,635.11,834.996
1112758890404028,586,816,MOVE,661.865,847.858
1112758900301438,605,824,MOVE,685.607,860.392
1112758909963396,630,833,MOVE,709.3,869.812
1112758920131273,668,843,MOVE,749.525,879.089
1112758929825832,690,850,MOVE,780.794,886.608
1112758939198004,709,856,MOVE,798.798,891.619
1112758948622700,741,864,MOVE,825.617,896.582
1112758958064903,750,865,MOVE,838.962,894.503
1112758958249038,773,868,MOVE,839.672,894.3
1112758967876584,786,870,MOVE,859.666,890.15
1112758977679210,811,871,MOVE,882.074,884.773
1112758987742643,827,872,MOVE,901.478,881.031
1112758997020634,846,872,MOVE,917.832,877.708
1112758997204769,872,872,MOVE,918.629,877.597
1112759006636709,888,872,MOVE,948.61,874.814
1112759015877270,915,872,MOVE,978.95,873.446
1112759026493108,933,872,MOVE,1006.15,872.696
1112759037113172,959,873,MOVE,1033.76,874.066
1112759037400544,973,872,MOVE,1034.87,873.975
1112759047124082,985,871,MOVE,1051.18,869.218
1112759056866939,1005,870,MOVE,1068.6,866.937
1112759066716654,1017,869,MOVE,1082.14,865.244
1112759078318370,1047,865,MOVE,1111.93,857.943
1112759088409574,1059,863,MOVE,1131.4,852.209
1112759097653757,1067,861,MOVE,1135.06,848.801
1112759107388162,1076,857,MOVE,1134.25,841.96
1112759116728336,1088,850,MOVE,1138.23,830.941
1112759126194689,1095,843,MOVE,1141.15,818.107
1112759136713932,1099,837,MOVE,1137.5,806.51
1112759146939766,1101,829,MOVE,1128.71,795.506
1112759157047874,1101,815,MOVE,1117.03,778.514
1112759166684476,1099,809,MOVE,1105.37,767.97
1112759176298137,1097,806,MOVE,1093.12,768.778
1112759187135540,1091,801,MOVE,1078.49,772.28
1112759197505060,1088,800,MOVE,1069.3,777.172
1112759207425411,1084,799,MOVE,1063.64,784.614
1112759217149553,1079,798,MOVE,1058.37,788.579
1112759227216608,1071,798,MOVE,1048.87,792.434
1112759237728003,1045,799,MOVE,1016.31,796.643
1112759247790832,1028,803,MOVE,982.972,805.85
1112759257521010,1006,808,MOVE,952.688,818.437
1112759267107504,973,826,MOVE,913.839,847.031
1112759276875113,959,832,MOVE,886.988,867.908
1112759287605055,943,843,MOVE,871.742,882.754
1112759297820625,931,852,MOVE,863.944,895.702
1112759297998723,915,863,MOVE,863.526,896.111
1112759307718035,899,872,MOVE,842.577,909.869
1112759317549639,888,878,MOVE,828.622,915.99
1112759327629373,870,886,MOVE,811.859,920.707
1112759338540430,855,892,MOVE,793.707,925.114
1112759348080437,817,907,MOVE,756.575,939.003
1112759358107043,806,909,MOVE,729.923,945.084
1112759367557699,795,911,MOVE,720.941,936.704
1112759377756365,773,915,MOVE,705.338,934.656
1112759377943519,754,918,MOVE,704.701,934.669
1112759388884159,735,923,MOVE,675.444,940.21
1112759398378283,715,924,MOVE,650.982,940.084
1112759408608343,675,931,MOVE,606.901,945.734
1112759419567095,649,936,MOVE,564.786,956.333
1112759430187159,629,935,MOVE,539.126,951.14
1112759440734173,588,935,MOVE,500.31,941.93
1112759450803643,566,933,MOVE,469.793,934.641
1112759462361891,537,929,MOVE,441.751,921.785
1112759473534360,480,917,MOVE,385.108,899.024
1112759483541043,461,912,MOVE,350.931,883.529
1112759493426378,428,904,MOVE,324.122,873.524
1112759504031953,380,890,MOVE,277.777,854.871
1112759514888676,366,886,MOVE,253.783,845.33
1112759525004029,339,882,MOVE,236.954,849.928
1112759535019165,322,878,MOVE,225.161,851.445
1112759535197262,290,872,MOVE,224.4,851.325
1112759545301749,277,868,MOVE,199.084,845.162
1112759556371585,253,860,MOVE,177.538,834.075
1112759566541877,220,849,MOVE,143.681,819.043
1112759576670512,188,839,MOVE,104.208,804.181
1112759587113082,178,835,MOVE,87.108,798.002
1112759598481157,144,821,MOVE,61.3393,783.717
1112759608879656,138,816,MOVE,52.2555,773.578
1112759618910488,133,811,MOVE,65.2274,767.016
1112759629312005,129,809,MOVE,76.4409,772.074
1112759629603602,127,807,MOVE,76.6607,772.24
1112759654616386,127,807,UP,127,802.066
1112880175327956,1441,381,DOWN,1350.3,-9.30247
1112880175534429,1428,403,MOVE,1351.88,-9.04131
1112880179371682,1424,438,MOVE,1371.96,205.43
1112880188065875,1423,451,MOVE,1395.76,422.874
1112880195262839,1422,465,MOVE,1401.62,506.136
1112880203786782,1422,485,MOVE,1409.64,553.052
1112880213485567,1422,510,MOVE,1415.99,587.737
1112880219667071,1422,526,MOVE,1418.35,604.568
1112880227395310,1422,547,MOVE,1419.96,622.392
1112880235367452,1423,568,MOVE,1422.38,641.687
1112880242312060,1422,592,MOVE,1421.81,662.369
1112880250490674,1422,620,MOVE,1421.06,691.513
1112880258234609,1422,639,MOVE,1421.68,714.809
1112880266900427,1423,660,MOVE,1423.48,735.945
1112880274308693,1422,683,MOVE,1422.4,756.297
1112880282306191,1422,703,MOVE,1421.33,776.92
1112880292317101,1421,718,MOVE,1419.83,793.102
1112880298270398,1421,726,MOVE,1419.24,797.414
1112880306448409,1421,734,MOVE,1420.34,797.073
1112880313934555,1421,745,MOVE,1420.68,799.448
1112880321723769,1421,753,MOVE,1420.84,802.792
1112880329261232,1421,759,MOVE,1420.91,804.21
1112880337601040,1422,768,MOVE,1422.58,807.97
1112880345621479,1423,777,MOVE,1425.02,814.626
1112880353338851,1424,783,MOVE,1427.07,819.718
1112880361224057,1425,789,MOVE,1428.87,823.28
1112880371646100,1427,798,MOVE,1432.13,830.794
1112880377488313,1428,803,MOVE,1433.74,834.924
1112880385375330,1430,810,MOVE,1436.17,840.033
1112880393189297,1430,815,MOVE,1435.78,844.545
1112880400187033,1430,821,MOVE,1433.15,848.747
1112880408319161,1428,826,MOVE,1428.18,852.892
1112880416342015,1427,831,MOVE,1423.8,856.438
1112880424242918,1426,835,MOVE,1422.16,859.39
1112880432321918,1424,838,MOVE,1418.46,860.301
1112880440329680,1423,841,MOVE,1416.16,860.803
1112880449959037,1420,842,MOVE,1411.08,858.066
1112880456418857,1418,843,MOVE,1407.3,854.602
1112880464599283,1416,844,MOVE,1404.94,852.74
1112880472835251,1414,844,MOVE,1402.97,849.869
1112880479330690,1411,844,MOVE,1400.63,847.373
1112880487389164,1407,844,MOVE,1395.98,845.817
1112880495763988,1401,844,MOVE,1388.16,844.977
1112880503410724,1394,844,MOVE,1378.46,844.55
1112880511298345,1385,844,MOVE,1365.88,844.306
1112880519444359,1375,843,MOVE,1351.11,842.823
1112880528338987,1360,843,MOVE,1330.44,842.134
1112880535252201,1347,842,MOVE,1312.82,841.231
1112880543249096,1335,842,MOVE,1295.41,840.708
1112880551296703,1321,840,MOVE,1278.54,837.97
1112880558494270,1305,839,MOVE,1261.14,835.29
1112880566262354,1291,838,MOVE,1243.32,834.247
1112880574300302,1275,835,MOVE,1225.34,829.523
1112880582225957,1253,833,MOVE,1201.97,825.554
1112880590510223,1238,831,MOVE,1180.54,823.046
1112880598190767,1224,827,MOVE,1165.82,816.531
1112880608376152,1199,825,MOVE,1138.99,813.044
1112880614286585,1180,821,MOVE,1120.3,809.998
1112880622687369,1165,820,MOVE,1101.1,807.894
1112880630254414,1144,818,MOVE,1081.91,808.543
1112880637028169,1128,816,MOVE,1065.38,806.962
1112880645191086,1103,816,MOVE,1040.92,808.934
1112880652960982,1082,814,MOVE,1016.43,808.821
1112880661266981,1058,814,MOVE,989.938,809.025
1112880669316400,1036,812,MOVE,965.103,807.871
1112880677418342,1013,812,MOVE,940.761,807.542
1112880687457626,989,811,MOVE,912.63,808.081
1112880693183924,967,810,MOVE,894.484,806.856
1112880701202552,950,809,MOVE,875.535,805.259
1112880708222626,931,809,MOVE,859.907,805.898
1112880716391580,905,810,MOVE,836.012,808.747
1112880724431339,882,812,MOVE,810.641,813.79
1112880732386577,860,813,MOVE,787.003,817.067
1112880740656957,838,815,MOVE,763.983,820.047
1112880748238491,814,817,MOVE,741.12,823.546
1112880756728022,793,817,MOVE,717.731,822.821
1112880766321760,766,818,MOVE,689.455,821.613
1112880772526809,751,818,MOVE,674.103,821.054
1112880780157245,726,821,MOVE,653.775,825.02
1112880788292995,710,821,MOVE,635.73,826.807
1112880795480903,687,822,MOVE,617.32,825.842
1112880803381202,672,824,MOVE,600.921,828.955
1112880811378096,660,824,MOVE,591.205,829.383
1112880819335749,641,826,MOVE,578.041,830.464
1112880827345322,621,830,MOVE,559.624,837.439
1112880835308408,611,831,MOVE,547.467,841.241
1112880845110429,593,834,MOVE,532.639,843.797
1112880851437430,580,836,MOVE,521.883,846.243
1112880859483226,570,839,MOVE,513.372,850.439
1112880866312523,561,842,MOVE,508.68,855.264
1112880874357112,548,845,MOVE,499.864,858.5
1112880882373325,535,849,MOVE,487.92,862.75
1112880890846556,525,851,MOVE,477.124,865.314
1112880898276556,518,853,MOVE,471.453,865.92
1112880906808951,512,855,MOVE,469.359,867.515
1112880914053609,507,855,MOVE,468.415,864.96
1112880923588182,502,856,MOVE,468.061,862.027
1112880929990648,498,856,MOVE,467.737,860.626
1112880937995994,494,856,MOVE,467.301,858.316
1112880945074025,492,856,MOVE,468.054,857.282
1112880952995454,489,854,MOVE,469.221,852.679
1112880961006838,486,851,MOVE,469.581,845.926
1112880969426941,483,846,MOVE,469.037,836.931
1112880977453418,481,835,MOVE,469.738,821.421
1112880985298174,480,812,MOVE,471.855,792.379
1112880992971474,480,795,MOVE,474.701,762.119
1112881003013173,481,769,MOVE,478.878,722.091
1112881009069103,482,755,MOVE,481.991,701.209
1112881017009248,483,733,MOVE,484.792,676.304
1112881024288921,484,705,MOVE,486.41,646.89
1112881032026215,484,683,MOVE,486.192,617.426
1112881040478920,483,653,MOVE,483.712,583.525
1112881048014571,484,627,MOVE,484.264,553.067
1112881056502291,482,601,MOVE,481.942,522.48
1112881064024057,481,576,MOVE,478.022,496.646
1112881072033629,482,550,MOVE,480.272,469.809
1112881082080762,481,522,MOVE,480.138,437.762
1112881088230269,480,505,MOVE,477.891,421.486
1112881096550154,481,490,MOVE,479.9,409.309
1112881103400582,481,471,MOVE,481.231,397.686
1112881111295447,481,459,MOVE,480.9,387.979
1112881119355732,480,445,MOVE,479.274,379.677
1112881127354438,480,437,MOVE,478.524,375.499
1112881135423779,480,433,MOVE,479.514,378.245
1112881143170129,480,430,MOVE,479.83,384.461
1112881151298031,479,428,MOVE,477.419,392.023
1112881161726112,479,427,MOVE,476.087,401.204
1112881190082305,479,426,MOVE,478.792,413.29
1112881206204687,480,426,MOVE,481.983,419.074
1112881215636023,482,426,MOVE,485.299,422.626
1112881227296299,486,427,MOVE,492.464,425.911
1112881237689364,495,428,MOVE,506.53,428.8
1112881248958429,545,439,MOVE,570.984,445.823
1112881260449663,560,443,MOVE,622.333,461.786
1112881271422905,600,460,MOVE,670.299,488.386
1112881282619523,617,463,MOVE,703.98,500.818
1112881294442804,661,470,MOVE,751.173,499.267
1112881305197498,688,474,MOVE,788.848,501.158
1112881316524520,708,475,MOVE,809.723,495.616
1112881328492091,762,478,MOVE,859.98,491.775
1112881336417746,786,479,MOVE,890.903,490.8
1112881343122073,817,481,MOVE,915.383,490.686
1112881349020431,840,481,MOVE,934.965,489.093
1112881356571176,872,481,MOVE,961.851,485.358
1112881364432233,895,482,MOVE,986.164,484.969
1112881372452069,927,482,MOVE,1014.11,484.543
1112881380329426,957,484,MOVE,1044.35,486.708
1112881388295531,984,487,MOVE,1072.51,493.337
1112881397322374,1022,488,MOVE,1110.62,495.74
1112881404272416,1039,490,MOVE,1132.31,497.182
1112881411088431,1062,491,MOVE,1149.37,498.59
1112881419297835,1085,493,MOVE,1169.4,500.092
1112881427126895,1110,494,MOVE,1191.02,501.006
1112881435260834,1133,494,MOVE,1213.57,498.786
1112881443054878,1158,493,MOVE,1236.68,495.213
1112881450969063,1180,493,MOVE,1258.96,493.329
1112881459026933,1204,491,MOVE,1281.75,489.728
1112881467003301,1220,491,MOVE,1298.58,487.931
1112881477252681,1247,490,MOVE,1323.41,487.757
1112881482980790,1262,489,MOVE,1336.87,486.212
1112881490070291,1280,489,MOVE,1351.08,486.419
1112881498533862,1297,488,MOVE,1366.51,485.985
1112881506360507,1312,489,MOVE,1379.17,487.808
1112881514152740,1331,486,MOVE,1394.45,484.386
1112881522046398,1352,485,MOVE,1414.42,480.154
1112881530034840,1364,484,MOVE,1429.18,479.324
1112881538058298,1377,482,MOVE,1439.11,476.077
1112881546142733,1391,478,MOVE,1449.2,468.771
1112881556032897,1403,476,MOVE,1460.04,463.684
1112881562408196,1410,475,MOVE,1464.46,464.101
1112881569139087,1415,474,MOVE,1464.63,464.844
1112881577030934,1419,474,MOVE,1461.81,467.496
1112881585082163,1423,473,MOVE,1458.68,468.45
1112881593275871,1426,472,MOVE,1455.61,466.942
1112881601086215,1428,472,MOVE,1452.73,467.832
1112881609372896,1430,471,MOVE,1449.91,467.68
1112881617048007,1431,471,MOVE,1447.25,467.753
1112881625517011,1432,470,MOVE,1444.35,466.922
1112881635031662,1432,469,MOVE,1439.68,464.394
1112881641511404,1432,468,MOVE,1436.41,463.144
1112881648518799,1430,466,MOVE,1431.89,461.492
1112881656111804,1427,462,MOVE,1425.79,456.867
1112881664016329,1418,452,MOVE,1413.21,444.252
1112881671976396,1403,436,MOVE,1390.99,421.692
1112881680339750,1385,423,MOVE,1360.6,397.855
1112881688223748,1376,417,MOVE,1338.53,384.958
1112881696409608,1358,402,MOVE,1317.48,368.381
1112881704406502,1341,390,MOVE,1294.92,351.52
1112881713402556,1320,378,MOVE,1266.79,336.946
1112881720186574,1305,367,MOVE,1248.24,325.384
1112881728432201,1282,357,MOVE,1222.97,315.512
1112881735451671,1263,346,MOVE,1201.12,306.167
1112881743365855,1240,336,MOVE,1176.05,295.841
1112881751347657,1217,319,MOVE,1151.14,277.46
1112881759555854,1196,305,MOVE,1127.87,257.198
1112881767278659,1174,291,MOVE,1104.87,241.541
1112881775497723,1154,279,MOVE,1082.49,228.387
1112881783391381,1134,269,MOVE,1061.89,220.089
1112881792934406,1108,249,MOVE,1035.93,199.202
1112881799172056,1091,236,MOVE,1020.24,183.518
1112881806416713,1076,226,MOVE,1005.97,172.927
1112881814259659,1059,215,MOVE,991.429,164.903
1112881822333226,1044,208,MOVE,977.193,161.32
1112881830255863,1033,202,MOVE,967.867,160.637
1112881838253361,1020,195,MOVE,960.1,157.892
1112881846204976,1004,190,MOVE,947.162,157.484
1112881854127009,995,186,MOVE,937.869,157.703
1112881862461384,987,182,MOVE,934.372,155.79
1112881871330656,980,181,MOVE,931.872,159.56
1112881878412912,973,180,MOVE,929.418,165.326
1112881885227720,967,181,MOVE,927.363,172.215
1112881893650842,961,182,MOVE,925.326,179.45
1112881901367610,955,183,MOVE,922.572,183.497
1112881909607200,949,184,MOVE,918.799,186.226
1112881917395207,940,188,MOVE,911.966,192.801
1112881925431344,927,195,MOVE,898.635,204.639
1112881933306890,912,204,MOVE,880.116,219.498
1112881941230130,900,211,MOVE,862.195,232.743
1112881951406459,883,229,MOVE,840.771,259.706
1112881958179007,874,235,MOVE,828.639,273.205
1112881965678435,862,242,MOVE,815.108,277.924
1112881972620024,847,252,MOVE,801.131,285.551
1112881980138167,833,264,MOVE,786.344,299.102
1112881988493069,812,276,MOVE,763.148,313.628
1112881996414498,799,283,MOVE,743.46,321.83
1112882004281592,788,290,MOVE,731.59,327.594
1112882012484959,763,303,MOVE,709.748,338.297
1112882020446838,749,310,MOVE,689.619,347.283
1112882030348474,724,322,MOVE,661.998,359.13
1112882037264103,711,329,MOVE,645.904,367.182
1112882044606563,699,334,MOVE,635.052,370.417
1112882051941175,679,344,MOVE,620.163,376.799
1112882059574629,661,353,MOVE,601.947,386.602
1112882067494248,644,361,MOVE,583.541,395.308
1112882075358927,616,375,MOVE,556.953,409.11
1112882083320806,607,380,MOVE,539.986,418.769
1112882091401014,592,385,MOVE,527.711,419.595
1112882099014545,571,392,MOVE,510.165,421.679
1112882107998524,557,397,MOVE,493.033,425.652
1112882115264312,546,400,MOVE,483.66,426.091
1112882123013077,531,407,MOVE,473.617,431.119
1112882129944403,521,410,MOVE,465.545,434.449
1112882138002877,514,412,MOVE,460.992,432.669
1112882146198396,507,415,MOVE,459.72,433.035
1112882154609443,499,418,MOVE,457.162,434.752
1112882162724667,494,419,MOVE,455.131,433.475
1112882170689564,490,421,MOVE,455.511,433.061
1112882178488438,487,422,MOVE,457.347,433.142
1112882187898041,485,422,MOVE,460.154,429.275
1112882195804981,484,423,MOVE,463.876,428.51
1112882203041186,484,424,MOVE,470.559,431.199
1112882222107313,484,424,U,480.038,429.278
